,test,statistic,pvalue
5,KS_incomeF,0.10330230705983802,3.874618512991915e-09
3,KS_income,0.0393875475973831,0.00398387029657872
6,KS_membership,0.038618634758543956,0.005063430410950003
7,KS_membershipM,0.054115501265076554,0.005510998635380091
4,KS_incomeM,0.05043174197525507,0.011923361293438673
8,KS_membershipF,0.041651139816678964,0.07144601832320738
1,KS_ageM,0.039039569240560054,0.09221232620730334
0,KS_age,0.026534407623753194,0.118037056543228
2,KS_ageF,0.015698027430073598,0.9690348704370406
